map,difficulty,name,kind,original_entry,entry
33,0,Shadowfang Keep,dungeon,14,11
34,0,Stormwind Stockades,dungeon,15,12
36,0,Deadmines (DM),dungeon,10,9
43,0,Wailing Caverns (WC),dungeon,10,9
47,0,Razorfen Kraul,dungeon,17,13
48,0,Blackfathom Deeps,dungeon,19,14
70,0,Uldaman,dungeon,30,21
90,0,Gnomeregan,dungeon,15,12
109,0,Sunken Temple (of Atal'Hakkar),dungeon,35,24
129,0,Razorfen Downs,dungeon,25,18
189,0,Scarlet Monastery (SM) - All wings,dungeon,20,15
209,0,Zul'Farrak (ZF),dungeon,35,24
229,0,Blackrock Spire - Both Lower (LBRS) & Upper (UBRS) - 5/10man,dungeon,45,31
230,0,Blackrock Depths (BRD),dungeon,40,27
249,0,Onyxia's Lair - 10man,raid,80,60
249,1,Onyxia's Lair - 25man,raid,80,60
269,0,Caverns Of Time: Black Morass/Opening the Dark Portal - Normal,dungeon,66,40
269,1,Caverns Of Time: Black Morass/Opening the Dark Portal - Heroic,heroic,70,60
289,0,Scholomance,dungeon,45,31
309,0,Zul'Gurub (ZG) - 20man,raid,50,50
329,0,Stratholme,dungeon,45,31
349,0,Maraudon - All wings,dungeon,30,21
389,0,Ragefire Chasm (RF),dungeon,8,7
409,0,Molten Core - 40man,raid,50,50
429,0,Dire Maul - All wings,dungeon,45,31
469,0,Blackwing Lair (BWL) - 40man,raid,60,60
509,0,Ahn'Qiraj Ruins (AQ20) - 20man,raid,50,50
531,0,Ahn'Qiraj Temple (AQ40) - 40man,raid,50,50
532,0,Karazhan - 10man,raid,68,60
533,0,Naxxramas - 10man,raid,80,60
533,1,Naxxramas,raid,80,60
534,0,"Battle Of Mount Hyjal,Alliance Base",raid,70,60
540,0,The Shattered Halls,dungeon,55,42
540,1,The Shattered Halls,heroic,70,60
542,0,The Blood Furnace,dungeon,55,30
542,1,The Blood Furnace,heroic,70,60
543,0,Hellfire Ramparts,dungeon,55,30
543,1,Hellfire Ramparts,heroic,70,60
544,0,Hellfire Citadel: Magtheridon's Lair - 25man,raid,65,60
545,0,The Steamvault,dungeon,55,43
545,1,The Steamvault,heroic,70,60
546,0,The Underbog,dungeon,55,33
546,1,The Underbog,heroic,70,60
547,0,The Slave Pens,dungeon,55,33
547,1,The Slave Pens,heroic,70,60
548,0,Coilfang Reservoir: Serpentshrine Cavern - 25man,raid,68,60
550,0,The Eye,raid,70,60
552,0,The Arcatraz,dungeon,68,43
552,1,The Arcatraz,heroic,70,60
553,0,The Botanica,dungeon,67,43
553,1,The Botanica,heroic,70,60
554,0,The Mechanar,dungeon,67,43
554,1,The Mechanar,heroic,70,60
555,0,Shadow Labyrinth,dungeon,65,43
555,1,Shadow Labyrinth,heroic,70,60
556,0,Sethekk Halls,dungeon,55,40
556,1,Sethekk Halls,heroic,70,60
557,0,Mana Tombs,dungeon,55,36
557,1,Mana Tombs,heroic,70,60
558,0,Auchenai Crypts,dungeon,55,37
558,1,Auchenai Crypts,heroic,70,60
560,0,Caverns Of Time: Old Hillsbrad Foothills/Escape from Durnholde - Normal,dungeon,64,37
560,1,Caverns Of Time: Old Hillsbrad Foothills/Escape from Durnholde - Heroic,heroic,70,60
564,0,Black Temple,raid,70,60
565,0,Gruul's Lair,raid,70,60
568,0,Zul'Aman,raid,70,60
574,0,Utgarde Keep,dungeon,65,40
574,1,Utgarde Keep,heroic,80,60
575,0,Utgarde Pinnacle,dungeon,75,53
575,1,Utgarde Pinnacle,heroic,80,60
576,0,The Nexus,dungeon,66,40
576,1,The Nexus,heroic,80,60
578,0,The Oculus,dungeon,75,52
578,1,The Oculus,heroic,80,60
580,0,Sunwell Plateau,raid,70,60
585,0,Magisters' Terrace - Normal,dungeon,65,43
585,1,Magisters' Terrace - Heroic,heroic,70,60
595,0,Culling of Stratholme,dungeon,75,47
595,1,Culling of Stratholme,heroic,80,60
599,0,"Ulduar,Halls of Stone",dungeon,72,50
599,1,"Ulduar,Halls of Stone",heroic,80,60
600,0,Drak'Tharon Keep,dungeon,69,45
600,1,Drak'Tharon Keep,heroic,80,60
601,0,Azjol-Nerub,dungeon,67,40
601,1,Azjol-Nerub,heroic,80,60
602,0,"Ulduar,Halls of Lightning",dungeon,75,55
602,1,"Ulduar,Halls of Lightning",heroic,80,60
603,0,Ulduar - 10man,raid,80,60
603,1,Ulduar,raid,80,60
604,0,Gundrak (North entrance),dungeon,71,50
604,1,Gundrak (North entrance),heroic,80,60
608,0,Violet Hold,dungeon,70,48
608,1,Violet Hold,heroic,80,60
615,0,The Obsidian Sanctum - 10man,raid,80,60
615,1,"Chamber of Aspects,Obsidian Sanctum",raid,80,60
616,0,The Eye of Eternity (Malygos) - 10man,raid,80,60
616,1,The Eye of Eternity,raid,80,60
619,0,Ahn'Kahet,dungeon,68,43
619,1,Ahn'Kahet,heroic,80,60
624,0,Vault of Archavon - 10man,raid,80,60
624,1,Vault of Archavon,raid,80,60
631,0,Icecrown Citadel - 10man Normal,raid,80,60
631,1,IceCrown Citadel,raid,80,60
631,2,IceCrown Citadel,raid,80,60
631,3,IceCrown Citadel,raid,80,60
632,0,Forge of Souls,dungeon,75,55
632,1,Forge of Souls,heroic,80,60
649,0,Trial of the Crusader - 10man Normal,raid,80,60
649,1,Trial of the Crusader,raid,80,60
649,2,Trial of the Crusader,raid,80,60
649,3,Trial of the Crusader,raid,80,60
650,0,Trial of the Champion,dungeon,75,48
650,1,Trial of the Champion,heroic,80,60
658,0,Pit of Saron,dungeon,78,55
658,1,Pit of Saron,heroic,80,60
668,0,Halls of Reflection,dungeon,78,52
668,1,Halls of Reflection,heroic,80,60
724,0,The Ruby Sanctum - 10man Normal,raid,80,60
724,1,The Ruby Sanctum,raid,80,60
724,2,The Ruby Sanctum,raid,80,60
724,3,The Ruby Sanctum,raid,80,60
