# zone	default_min	default_max	era	name
1	5	12	classic	Dun Morogh
12	5	12	classic	Elwynn Forest
14	5	12	classic	Durotar
85	5	12	classic	Tirisfal Glades
141	5	12	classic	Teldrassil
215	5	12	classic	Mulgore
3430	5	12	classic	Eversong Woods
3524	5	12	classic	Azuremyst Isle
17	10	25	classic	Barrens
38	10	20	classic	Loch Modan
40	10	21	classic	Westfall
130	10	23	classic	Silverpine Forest
148	10	21	classic	Darkshore
3433	10	22	classic	Ghostlands
3525	10	21	classic	Bloodmyst Isle
10	19	33	classic	Duskwood
11	21	30	classic	Wetlands
44	16	28	classic	Redridge Mountains
267	20	34	classic	Hillsbrad Foothills
331	18	33	classic	Ashenvale
400	24	36	classic	Thousand Needles
406	16	29	classic	Stonetalon Mountains
3	36	46	classic	Badlands
8	36	46	classic	Swamp of Sorrows
15	35	46	classic	Dustwallow Marsh
16	45	52	classic	Azshara
33	32	47	classic	Stranglethorn Vale
45	30	42	classic	Arathi Highlands
47	42	51	classic	Hinterlands
51	45	51	classic	Searing Gorge
357	40	52	classic	Feralas
405	30	41	classic	Desolace
440	41	52	classic	Tanaris
4	52	57	classic	Blasted Lands
28	50	60	classic	Western Plaguelands
46	51	60	classic	Burning Steppes
139	54	62	classic	Eastern Plaguelands
361	47	57	classic	Felwood
490	49	56	classic	Un'Goro Crater
618	54	61	classic	Winterspring
1377	54	63	classic	Silithus
3483	58	66	tbc	Hellfire Peninsula
3518	64	70	tbc	Nagrand
3519	62	73	tbc	Terokkar Forest
3520	66	73	tbc	Shadowmoon Valley
3521	60	67	tbc	Zangarmarsh
3522	64	73	tbc	Blade's Edge Mountains
3523	67	73	tbc	Netherstorm
4080	68	73	tbc	Isle of Quel'Danas
65	71	77	wotlk	Dragonblight
66	74	80	wotlk	Zul'Drak
67	77	80	wotlk	Storm Peaks
210	77	80	wotlk	Icecrown Glacier
394	72	78	wotlk	Grizzly Hills
495	68	74	wotlk	Howling Fjord
2817	77	80	wotlk	Crystalsong Forest
3537	68	75	wotlk	Borean Tundra
3711	75	80	wotlk	Sholazar Basin
4197	79	80	wotlk	Wintergrasp
