# key	area	map	client_min	client_max	era
Durotar	14	1	1	20	classic
Mulgore	215	1	1	20	classic
Barrens	17	1	10	60	classic
Alterac	36	0	30	60	classic
Arathi	45	0	30	60	classic
Badlands	3	0	35	60	classic
BlastedLands	4	0	45	60	classic
Tirisfal	85	0	1	20	classic
Silverpine	130	0	10	60	classic
WesternPlaguelands	28	0	51	60	classic
EasternPlaguelands	139	0	53	60	classic
Hilsbrad	267	0	20	60	classic
Hinterlands	47	0	45	60	classic
DunMorogh	1	0	1	20	classic
SearingGorge	51	0	43	60	classic
BurningSteppes	46	0	50	60	classic
Elwynn	12	0	1	20	classic
DeadwindPass	41	0	55	60	classic
Duskwood	10	0	20	60	classic
LochModan	38	0	10	60	classic
Redridge	44	0	15	60	classic
Stranglethorn	33	0	30	60	classic
SwampOfSorrows	8	0	35	60	classic
Westfall	40	0	10	60	classic
Wetlands	11	0	20	60	classic
Teldrassil	141	1	1	20	classic
Darkshore	148	1	10	60	classic
Ashenvale	331	1	18	60	classic
ThousandNeedles	400	1	25	60	classic
StonetalonMountains	406	1	15	60	classic
Desolace	405	1	30	60	classic
Feralas	357	1	40	60	classic
Dustwallow	15	1	35	60	classic
Tanaris	440	1	40	60	classic
Aszhara	16	1	45	60	classic
Felwood	361	1	48	60	classic
UngoroCrater	490	1	48	60	classic
Silithus	1377	1	55	60	classic
Winterspring	618	1	53	60	classic
EversongWoods	3430	530	1	20	classic
Ghostlands	3433	530	10	60	classic
AzuremystIsle	3524	530	1	20	classic
BloodmystIsle	3525	530	10	60	classic
Hellfire	3483	530	58	63	tbc
Zangarmarsh	3521	530	60	64	tbc
TerokkarForest	3519	530	62	65	tbc
Nagrand	3518	530	64	67	tbc
BladesEdgeMountains	3522	530	65	68	tbc
Netherstorm	3523	530	67	70	tbc
ShadowmoonValley	3520	530	67	70	tbc
Sunwell	4080	530	70	70	tbc
BoreanTundra	3537	571	68	72	wotlk
HowlingFjord	495	571	68	72	wotlk
Dragonblight	65	571	71	75	wotlk
GrizzlyHills	394	571	73	75	wotlk
ZulDrak	66	571	74	77	wotlk
SholazarBasin	3711	571	75	80	wotlk
IcecrownGlacier	210	571	77	80	wotlk
TheStormPeaks	67	571	77	80	wotlk
CrystalsongForest	2817	571	77	80	wotlk
LakeWintergrasp	4197	571	77	80	wotlk
HrothgarsLanding	4742	571	77	80	wotlk
