zone,area,map,era,original,entry,max
Durotar,14,1,classic,1-20,1,60
Mulgore,215,1,classic,1-20,1,60
Barrens,17,1,classic,10-60,7,60
Alterac,36,0,classic,30-60,19,60
Arathi,45,0,classic,30-60,19,60
Badlands,3,0,classic,35-60,22,60
BlastedLands,4,0,classic,45-60,29,60
Tirisfal,85,0,classic,1-20,1,60
Silverpine,130,0,classic,10-60,7,60
WesternPlaguelands,28,0,classic,51-60,32,60
EasternPlaguelands,139,0,classic,53-60,34,60
Hilsbrad,267,0,classic,20-60,13,60
Hinterlands,47,0,classic,45-60,29,60
DunMorogh,1,0,classic,1-20,1,60
SearingGorge,51,0,classic,43-60,27,60
BurningSteppes,46,0,classic,50-60,32,60
Elwynn,12,0,classic,1-20,1,60
DeadwindPass,41,0,classic,55-60,35,60
Duskwood,10,0,classic,20-60,13,60
LochModan,38,0,classic,10-60,7,60
Redridge,44,0,classic,15-60,10,60
Stranglethorn,33,0,classic,30-60,19,60
SwampOfSorrows,8,0,classic,35-60,22,60
Westfall,40,0,classic,10-60,7,60
Wetlands,11,0,classic,20-60,13,60
Teldrassil,141,1,classic,1-20,1,60
Darkshore,148,1,classic,10-60,7,60
Ashenvale,331,1,classic,18-60,12,60
ThousandNeedles,400,1,classic,25-60,16,60
StonetalonMountains,406,1,classic,15-60,10,60
Desolace,405,1,classic,30-60,19,60
Feralas,357,1,classic,40-60,26,60
Dustwallow,15,1,classic,35-60,22,60
Tanaris,440,1,classic,40-60,26,60
Aszhara,16,1,classic,45-60,29,60
Felwood,361,1,classic,48-60,31,60
UngoroCrater,490,1,classic,48-60,31,60
Silithus,1377,1,classic,55-60,35,60
Winterspring,618,1,classic,53-60,34,60
EversongWoods,3430,530,classic,1-20,1,60
Ghostlands,3433,530,classic,10-60,7,60
AzuremystIsle,3524,530,classic,1-20,1,60
BloodmystIsle,3525,530,classic,10-60,7,60
Hellfire,3483,530,tbc,58-63,30,60
Zangarmarsh,3521,530,tbc,60-64,33,60
TerokkarForest,3519,530,tbc,62-65,36,60
Nagrand,3518,530,tbc,64-67,39,60
BladesEdgeMountains,3522,530,tbc,65-68,40,60
Netherstorm,3523,530,tbc,67-70,43,60
ShadowmoonValley,3520,530,tbc,67-70,43,60
Sunwell,4080,530,tbc,70-70,55,60
BoreanTundra,3537,571,wotlk,68-72,40,60
HowlingFjord,495,571,wotlk,68-72,40,60
Dragonblight,65,571,wotlk,71-75,45,60
GrizzlyHills,394,571,wotlk,73-75,48,60
ZulDrak,66,571,wotlk,74-77,50,60
SholazarBasin,3711,571,wotlk,75-80,52,60
IcecrownGlacier,210,571,wotlk,77-80,55,60
TheStormPeaks,67,571,wotlk,77-80,55,60
CrystalsongForest,2817,571,wotlk,77-80,55,60
LakeWintergrasp,4197,571,wotlk,77-80,55,60
HrothgarsLanding,4742,571,wotlk,77-80,55,60
